date,temperature_2m,relative_humidity_2m,precipitation,surface_pressure,cloud_cover,wind_speed_80m,wind_direction_80m,wind_gusts_10m,location
2026-09-28 22:00:00+00:00,12.1545,93.0,0.0,1022.9521,98.0,19.914072,284.28113,14.04,Aalborg
2026-09-28 23:00:00+00:00,11.7545,94.0,0.0,1023.4496,98.0,18.21309,283.36694,13.32,Aalborg
2026-09-29 00:00:00+00:00,11.4045,94.0,0.0,1023.74713,99.0,18.31673,286.6993,12.959999,Aalborg
2026-09-29 01:00:00+00:00,11.2545,95.0,0.0,1023.7464,99.0,19.929522,296.11386,12.599999,Aalborg
2026-09-29 02:00:00+00:00,11.1545,95.0,0.0,1024.1456,100.0,19.298672,306.86996,11.5199995,Aalborg
2026-09-29 03:00:00+00:00,10.9545,94.0,0.0,1024.0449,100.0,16.511179,312.84702,11.879999,Aalborg
2026-09-29 04:00:00+00:00,10.4545,95.0,0.0,1024.242,100.0,11.0973425,320.77435,8.64,Aalborg
2026-09-29 05:00:00+00:00,10.0045,95.0,0.0,1024.4398,95.0,6.6806493,330.06857,7.5599995,Aalborg
2026-09-29 06:00:00+00:00,9.8545,93.0,0.0,1025.3375,88.0,9.258641,9.819235,5.3999996,Aalborg
2026-09-29 07:00:00+00:00,11.1545,90.0,0.0,1025.7435,83.0,9.311682,42.709366,5.3999996,Aalborg
2026-09-29 08:00:00+00:00,11.6545,83.0,0.0,1026.1453,86.0,8.439493,69.30447,9.72,Aalborg
2026-09-29 09:00:00+00:00,12.804501,78.0,0.0,1026.2506,85.0,9.153322,77.82856,14.4,Aalborg
2026-09-29 10:00:00+00:00,14.0045,73.0,0.0,1026.2563,93.0,13.3382435,91.50741,17.28,Aalborg
2026-09-29 11:00:00+00:00,15.4545,70.0,0.0,1026.0635,88.0,14.515146,97.64032,18.72,Aalborg
2026-09-29 12:00:00+00:00,15.7545,66.0,0.0,1025.6652,91.0,13.519319,87.768875,22.68,Aalborg
2026-09-29 13:00:00+00:00,16.5545,74.0,0.0,1025.7686,92.0,17.108112,84.114105,21.24,Aalborg
2026-09-29 14:00:00+00:00,16.2045,74.0,0.0,1025.8668,100.0,20.990135,73.988754,25.199999,Aalborg
2026-09-29 15:00:00+00:00,15.304501,73.0,0.0,1025.9626,100.0,22.47376,77.374176,27.359999,Aalborg
2026-09-29 16:00:00+00:00,14.4545,73.0,0.0,1025.5592,100.0,24.335331,65.28258,25.56,Aalborg
2026-09-29 17:00:00+00:00,14.2045,73.0,0.0,1025.5582,100.0,29.589504,69.5234,24.119999,Aalborg
2026-09-29 18:00:00+00:00,13.9045,78.0,0.0,1025.1572,100.0,31.692987,73.270294,25.919998,Aalborg
2026-09-29 19:00:00+00:00,14.4045,73.0,0.0,1024.6602,100.0,31.62104,79.126526,32.760002,Aalborg
2026-09-29 20:00:00+00:00,15.0045,74.0,0.0,1024.2634,100.0,34.40864,87.95464,38.519997,Aalborg
2026-09-29 21:00:00+00:00,15.7545,81.0,0.0,1024.6665,99.0,34.016388,98.00464,32.399998,Aalborg
2026-09-29 22:00:00+00:00,15.9045,84.0,0.0,1024.5673,90.0,32.221287,111.39595,32.399998,Aalborg
2026-09-29 23:00:00+00:00,15.8545,83.0,0.0,1024.3672,94.0,31.634668,112.1555,33.12,Aalborg
2026-09-30 00:00:00+00:00,15.6045,87.0,0.0,1024.3662,98.0,31.439955,111.267136,30.599998,Aalborg
2026-09-30 01:00:00+00:00,15.4045,90.0,0.0,1024.2654,93.0,35.68389,113.16163,30.239998,Aalborg
2026-09-30 02:00:00+00:00,15.3545,91.0,0.0,1024.1652,98.0,37.334225,126.977684,31.68,Aalborg
2026-09-30 03:00:00+00:00,15.554501,89.0,0.0,1024.0663,95.0,35.625187,115.68166,31.68,Aalborg
2026-09-30 04:00:00+00:00,15.554501,88.0,0.0,1023.76666,53.0,34.860107,112.17629,33.12,Aalborg
2026-09-30 05:00:00+00:00,15.1545,88.0,0.0,1023.46515,6.0,37.4811,113.445114,34.56,Aalborg
2026-09-30 06:00:00+00:00,14.9045,88.0,0.0,1023.56415,1.0,40.540874,119.56026,34.56,Aalborg
2026-09-30 07:00:00+00:00,15.7545,82.0,0.0,1023.8675,1.0,42.175217,119.12396,40.32,Aalborg
2026-09-30 08:00:00+00:00,16.654501,78.0,0.0,1024.1713,1.0,39.656204,120.87675,46.079998,Aalborg
2026-09-30 09:00:00+00:00,17.154501,78.0,0.0,1024.1736,8.0,35.473232,123.29712,51.48,Aalborg
2026-09-30 10:00:00+00:00,17.8045,75.0,0.0,1024.1765,25.0,36.543026,123.84269,51.839996,Aalborg
2026-09-30 11:00:00+00:00,18.2545,72.0,0.0,1023.97864,28.0,36.71068,121.71509,51.12,Aalborg
2026-09-30 12:00:00+00:00,18.7545,69.0,0.0,1023.8813,12.0,36.080204,120.0558,51.48,Aalborg
2026-09-30 13:00:00+00:00,19.0045,68.0,0.0,1023.68256,1.0,36.5746,118.04006,52.56,Aalborg
2026-09-30 14:00:00+00:00,19.0045,67.0,0.0,1023.3829,0.0,36.48402,116.56499,52.56,Aalborg
2026-09-30 15:00:00+00:00,18.6045,66.0,0.0,1023.4809,2.0,36.258907,115.20109,51.839996,Aalborg
2026-09-30 16:00:00+00:00,17.8045,69.0,0.0,1023.57733,4.0,38.763252,115.753174,50.76,Aalborg
2026-09-30 17:00:00+00:00,16.8545,71.0,0.0,1023.6729,3.0,40.118053,114.54762,47.88,Aalborg
2026-09-30 18:00:00+00:00,16.154501,75.0,0.0,1023.86945,4.0,40.58337,114.79242,45.719997,Aalborg
2026-09-30 19:00:00+00:00,15.804501,74.0,0.0,1023.96783,0.0,41.03479,116.67453,46.8,Aalborg
2026-09-30 20:00:00+00:00,15.4545,78.0,0.0,1024.1659,0.0,40.149113,119.58952,46.44,Aalborg
2026-09-30 21:00:00+00:00,15.054501,84.0,0.0,1023.9643,1.0,37.90613,124.05786,46.44,Aalborg
2026-09-30 22:00:00+00:00,14.804501,86.0,0.0,1023.7631,0.0,37.76091,124.20695,45.719997,Aalborg
2026-09-30 23:00:00+00:00,14.6545,88.0,0.0,1023.66266,0.0,37.564766,123.76432,41.760002,Aalborg
2026-10-01 00:00:00+00:00,14.5045,90.0,0.0,1023.4624,0.0,36.00847,124.07724,37.8,Aalborg
2026-10-01 01:00:00+00:00,14.4045,92.0,0.0,1023.26196,1.0,34.98747,123.13228,38.16,Aalborg
2026-10-01 02:00:00+00:00,14.3545,92.0,0.0,1022.9624,1.0,35.32672,123.45334,38.519997,Aalborg
2026-10-01 03:00:00+00:00,14.304501,92.0,0.0,1022.86206,1.0,35.32672,123.45334,38.519997,Aalborg
2026-10-01 04:00:00+00:00,14.2545,93.0,0.0,1022.4623,31.0,34.164467,124.75105,37.44,Aalborg
2026-10-01 05:00:00+00:00,14.2045,92.0,0.0,1022.4623,99.0,34.256237,123.934265,38.16,Aalborg
2026-10-01 06:00:00+00:00,14.3545,91.0,0.0,1022.463,100.0,35.671818,122.75215,40.68,Aalborg
2026-10-01 07:00:00+00:00,15.0045,86.0,0.0,1022.4658,100.0,34.937286,123.530495,45.36,Aalborg
2026-10-01 08:00:00+00:00,15.7545,81.0,0.0,1022.46936,100.0,32.805393,122.33016,47.88,Aalborg
2026-10-01 09:00:00+00:00,16.3045,79.0,0.0,1022.4719,100.0,31.290792,124.49204,46.44,Aalborg
2026-10-01 10:00:00+00:00,16.7545,77.0,0.0,1022.4738,99.0,31.58208,122.98384,45.36,Aalborg
2026-10-01 11:00:00+00:00,17.2545,76.0,0.0,1022.2763,98.0,30.127615,122.39441,46.079998,Aalborg
2026-10-01 12:00:00+00:00,17.7045,75.0,0.0,1021.979,97.0,30.571827,125.4231,47.519997,Aalborg
2026-10-01 13:00:00+00:00,18.154501,72.0,0.0,1021.68134,94.0,29.781843,124.43905,47.519997,Aalborg
2026-10-01 14:00:00+00:00,18.2545,71.0,0.0,1021.4818,98.0,29.193645,126.93885,46.44,Aalborg
2026-10-01 15:00:00+00:00,18.1045,71.0,0.0,1021.38135,100.0,28.640678,130.0302,45.0,Aalborg
2026-10-01 16:00:00+00:00,17.5545,71.0,0.0,1021.2793,100.0,27.045467,135.52557,42.48,Aalborg
2026-10-01 17:00:00+00:00,17.0045,73.0,0.0,1021.37665,100.0,25.475428,143.68243,39.239998,Aalborg
2026-10-01 18:00:00+00:00,16.4545,77.0,0.0,1021.5737,100.0,23.468014,151.9024,33.48,Aalborg
2026-10-01 19:00:00+00:00,16.154501,79.0,0.0,1021.67236,100.0,21.476479,162.89719,29.16,Aalborg
2026-10-01 20:00:00+00:00,15.9545,82.0,0.0,1021.7712,100.0,18.736237,173.00816,29.519999,Aalborg
2026-10-01 21:00:00+00:00,15.804501,84.0,0.1,1021.97034,100.0,17.075699,184.71468,29.16,Aalborg
2026-10-01 22:00:00+00:00,15.5045,92.0,0.8,1021.76904,100.0,16.492525,179.3905,25.199999,Aalborg
2026-10-01 23:00:00+00:00,15.2545,93.0,0.4,1021.868,100.0,18.481512,199.9832,21.599998,Aalborg
2026-10-02 00:00:00+00:00,15.1045,95.0,1.3,1021.86725,100.0,16.071909,216.11943,18.359999,Aalborg
2026-10-02 01:00:00+00:00,14.9545,97.0,2.0,1021.9662,100.0,16.331232,230.6673,18.359999,Aalborg
2026-10-02 02:00:00+00:00,14.778376,97.42941,2.6000001,1022.78937,100.0,12.710804,243.78868,16.02,Aalborg
2026-10-02 03:00:00+00:00,14.65225,98.01806,0.65,1023.56274,100.0,13.265352,249.88733,13.5,Aalborg
2026-10-02 04:00:00+00:00,14.601125,99.01698,0.1,1024.137,100.0,12.322258,241.97559,13.2300005,Aalborg
2026-10-02 05:00:00+00:00,14.3,99.35501,0.0,1024.5599,100.0,12.44529,248.4985,11.5199995,Aalborg
2026-10-02 06:00:00+00:00,14.1,99.03237,0.0,1024.9585,100.0,14.647082,235.73885,14.04,Aalborg
2026-10-02 07:00:00+00:00,14.1,97.75506,0.0,1025.1582,100.0,11.585847,237.99466,14.04,Aalborg
2026-10-02 08:00:00+00:00,14.2,97.12406,0.0,1025.4581,100.0,12.2420635,244.5367,16.56,Aalborg
2026-10-02 09:00:00+00:00,14.55,93.7246,0.0,1025.8594,77.0,12.262159,250.78723,18.72,Aalborg
2026-10-02 10:00:00+00:00,15.6,85.073944,0.0,1026.0641,93.0,11.836842,258.0239,21.24,Aalborg
2026-10-02 11:00:00+00:00,16.5,78.25183,0.0,1026.268,83.0,12.340978,255.17348,21.599998,Aalborg
2026-10-02 12:00:00+00:00,17.25,72.44671,0.0,1026.1713,34.0,13.149994,256.89078,22.68,Aalborg
2026-10-02 13:00:00+00:00,17.65,69.259415,0.0,1026.0734,20.0,14.279983,264.35953,24.119999,Aalborg
2026-10-02 14:00:00+00:00,17.55,69.01174,0.0,1025.9733,18.0,14.774713,265.91446,24.84,Aalborg
2026-10-02 15:00:00+00:00,16.9,72.145035,0.0,1026.0698,20.0,15.794693,257.81635,23.759998,Aalborg
2026-10-02 16:00:00+00:00,15.65,79.94595,0.0,1026.164,74.0,15.201862,251.14674,21.96,Aalborg
2026-10-02 17:00:00+00:00,13.65,89.76612,0.0,1026.1547,98.0,12.710804,243.78868,15.4800005,Aalborg
2026-10-02 18:00:00+00:00,12.9,92.724144,0.0,1026.3508,96.0,12.505737,235.86401,8.64,Aalborg
2026-10-02 19:00:00+00:00,12.55,93.93887,0.0,1026.3491,55.0,14.879548,232.1842,8.64,Aalborg
2026-10-02 20:00:00+00:00,12.3,94.550896,0.0,1026.4482,91.0,17.519665,237.26477,14.04,Aalborg
2026-10-02 21:00:00+00:00,12.05,95.4844,0.0,1026.5466,16.0,19.527779,238.5949,16.919998,Aalborg
2026-10-02 22:00:00+00:00,11.75,96.428345,0.0,1026.6453,0.0,21.128984,234.46223,17.64,Aalborg
2026-10-02 23:00:00+00:00,11.5,97.063576,0.0,1026.5441,1.0,21.42985,230.31459,18.0,Aalborg
2026-10-03 00:00:00+00:00,11.3,97.38197,0.0,1026.4434,50.0,20.252018,228.16045,18.359999,Aalborg
2026-10-03 01:00:00+00:00,11.0,97.37587,0.0,1026.242,33.0,20.594881,224.3098,18.359999,Aalborg
2026-10-03 02:00:00+00:00,10.85,97.04873,0.0,1026.0416,43.0,21.96677,223.38196,19.08,Aalborg
2026-10-03 03:00:00+00:00,10.85,96.72559,0.0,1025.6421,52.0,23.107843,221.92245,20.16,Aalborg
2026-10-03 04:00:00+00:00,11.05,96.408966,0.0,1025.3434,36.0,23.947737,219.05313,20.880001,Aalborg
2026-10-03 05:00:00+00:00,11.25,96.414505,0.0,1025.0448,22.0,25.26615,217.66568,23.039999,Aalborg
2026-10-03 06:00:00+00:00,11.5,96.74204,0.0,1024.9463,49.0,25.371916,215.99834,25.919998,Aalborg
2026-10-03 07:00:00+00:00,12.35,95.179924,0.0,1024.9502,64.0,23.759989,215.68532,29.16,Aalborg
2026-10-03 08:00:00+00:00,13.45,93.05937,0.0,1024.9556,85.0,21.298744,216.96437,33.12,Aalborg
2026-10-03 09:00:00+00:00,14.3,91.89577,0.0,1024.9595,100.0,20.800848,219.86739,37.079998,Aalborg
2026-10-03 10:00:00+00:00,14.7,92.520386,0.7,1024.7616,100.0,24.439455,224.70918,41.039997,Aalborg
2026-10-03 11:00:00+00:00,14.8,94.0412,0.7,1024.5621,100.0,30.334806,228.75183,45.0,Aalborg
2026-10-03 12:00:00+00:00,14.85,93.73876,0.7,1024.3627,100.0,34.03267,230.64827,46.8,Aalborg
2026-10-03 13:00:00+00:00,14.9,89.27583,0.3,1024.363,70.0,33.40325,230.54123,45.719997,Aalborg
2026-10-03 14:00:00+00:00,14.9,83.3393,0.3,1024.463,29.0,30.485117,229.43456,42.839996,Aalborg
2026-10-03 15:00:00+00:00,14.6,80.06385,0.3,1024.5612,2.0,28.354456,229.01427,39.6,Aalborg
2026-10-03 16:00:00+00:00,13.8,81.56588,0.0,1024.6575,5.0,28.528152,230.2396,35.64,Aalborg
2026-10-03 17:00:00+00:00,12.7,85.898315,0.0,1024.852,21.0,29.405853,232.51471,31.68,Aalborg
2026-10-03 18:00:00+00:00,11.8,89.62454,0.0,1024.9476,32.0,29.199446,237.26477,28.44,Aalborg
2026-10-03 19:00:00+00:00,11.35,91.102776,0.0,1024.9457,26.0,26.91084,247.78236,27.359999,Aalborg
2026-10-03 20:00:00+00:00,11.15,91.395134,0.0,1024.9447,14.0,25.090725,263.17322,27.0,Aalborg
2026-10-03 21:00:00+00:00,11.0,91.692375,0.0,1024.9437,5.0,25.017014,275.2307,27.0,Aalborg
2026-10-03 22:00:00+00:00,10.85,92.300316,0.0,1024.8431,1.0,25.210049,278.8067,27.0,Aalborg
2026-10-03 23:00:00+00:00,10.8,92.60757,0.0,1024.8428,1.0,24.96097,277.67438,27.0,Aalborg
2026-10-04 00:00:00+00:00,10.75,92.29448,0.0,1024.6431,10.0,24.72183,276.5197,27.0,Aalborg
2026-10-04 01:00:00+00:00,10.75,90.75676,0.0,1024.3434,35.0,24.160791,275.8347,27.359999,Aalborg
2026-10-04 02:00:00+00:00,10.8,88.646164,0.0,1023.94403,69.0,23.603369,275.11722,27.359999,Aalborg
2026-10-04 03:00:00+00:00,10.8,87.457726,0.0,1023.6444,94.0,22.874897,274.39862,27.359999,Aalborg
2026-10-04 04:00:00+00:00,10.7,87.744446,0.0,1023.5442,100.0,22.350159,274.5021,26.28,Aalborg
2026-10-04 05:00:00+00:00,10.6,88.3304,0.0,1023.4441,100.0,21.681879,275.5721,24.84,Aalborg
2026-10-04 06:00:00+00:00,10.8,87.75351,0.0,1023.3447,99.0,20.617289,275.3709,24.119999,Aalborg
2026-10-04 07:00:00+00:00,11.5,85.19867,0.0,1023.14856,100.0,18.299917,274.39862,24.48,Aalborg
2026-10-04 08:00:00+00:00,12.5,81.669464,0.0,1022.8537,100.0,15.4429245,271.3019,25.199999,Aalborg
2026-10-04 09:00:00+00:00,13.4,77.78295,0.0,1022.4585,100.0,15.279618,267.3676,28.44,Aalborg
2026-10-04 10:00:00+00:00,14.2,72.37176,0.0,1021.9627,100.0,20.09333,264.48862,35.64,Aalborg
2026-10-04 11:00:00+00:00,14.9,66.88153,0.0,1021.367,100.0,27.222994,262.96667,44.639996,Aalborg
2026-10-04 12:00:00+00:00,15.35,63.885933,0.0,1020.7696,100.0,32.1328,261.20636,51.48,Aalborg
2026-10-04 13:00:00+00:00,15.3,64.963905,0.0,1020.0703,99.0,32.14094,257.70865,54.36,Aalborg
2026-10-04 14:00:00+00:00,15.0,68.26927,0.0,1019.3699,98.0,29.849976,252.20392,55.079998,Aalborg
2026-10-04 15:00:00+00:00,14.7,71.97929,0.0,1018.66956,97.0,29.164639,246.9824,54.36,Aalborg
2026-10-04 16:00:00+00:00,14.6,74.66057,0.0,1018.1695,98.0,31.542582,242.86494,52.199997,Aalborg
2026-10-04 17:00:00+00:00,14.6,77.44933,0.0,1017.67017,99.0,35.209335,240.11356,48.6,Aalborg
2026-10-04 18:00:00+00:00,14.55,80.5892,0.0,1017.1708,100.0,37.70054,238.89912,46.079998,Aalborg
2026-10-04 19:00:00+00:00,14.45,84.95032,0.2,1016.67084,100.0,38.001423,239.17241,45.36,Aalborg
2026-10-04 20:00:00+00:00,14.4,89.236336,0.2,1016.0714,100.0,37.081085,240.5242,45.719997,Aalborg
2026-10-04 21:00:00+00:00,14.3,93.10362,0.2,1015.5717,100.0,36.018726,242.43652,45.719997,Aalborg
2026-10-04 22:00:00+00:00,14.25,94.9397,0.2,1015.07196,100.0,35.625187,244.31834,44.639996,Aalborg
2026-10-04 23:00:00+00:00,14.25,95.559654,0.2,1014.6725,100.0,35.361557,246.61476,43.199997,Aalborg
2026-10-05 00:00:00+00:00,14.2,95.86939,0.2,1014.27277,100.0,34.178425,250.82089,41.760002,Aalborg
2026-10-05 01:00:00+00:00,14.1,96.17879,0.2,1013.8729,100.0,31.62104,259.12653,40.32,Aalborg
2026-10-05 02:00:00+00:00,14.0,96.175865,0.2,1013.573,100.0,29.303616,271.02914,38.88,Aalborg
2026-10-05 03:00:00+00:00,13.75,96.16855,0.2,1013.372,100.0,28.387545,280.68484,37.44,Aalborg
2026-10-05 04:00:00+00:00,13.15,97.10076,0.1,1013.36914,100.0,27.445953,283.68094,34.92,Aalborg
2026-10-05 05:00:00+00:00,12.45,97.72627,0.1,1013.56573,100.0,26.47089,283.02307,32.039997,Aalborg
2026-10-05 06:00:00+00:00,12.15,96.439354,0.1,1013.76385,97.0,26.185633,281.9875,31.319998,Aalborg
2026-10-05 07:00:00+00:00,12.6,91.18585,0.0,1014.0657,73.0,27.405552,284.83694,34.2,Aalborg
2026-10-05 08:00:00+00:00,13.45,84.56034,0.0,1014.3694,40.0,29.32882,285.6159,38.88,Aalborg
2026-10-05 09:00:00+00:00,14.15,78.94323,0.0,1014.5724,23.0,30.728485,285.22647,43.199997,Aalborg
2026-10-05 10:00:00+00:00,14.25,74.85098,0.0,1014.4727,86.0,31.575743,284.8084,42.839996,Aalborg
2026-10-05 11:00:00+00:00,14.75,70.79103,0.0,1014.6748,83.0,32.93462,284.18433,46.44,Aalborg
2026-10-05 12:00:00+00:00,14.95,68.95175,0.0,1014.8755,82.0,33.445152,283.96338,48.96,Aalborg
2026-10-05 13:00:00+00:00,14.8,69.15404,0.0,1015.0745,82.0,33.10474,284.10992,51.12,Aalborg
2026-10-05 14:00:00+00:00,14.35,71.4321,0.0,1015.3723,82.0,32.211254,284.18765,52.92,Aalborg
2026-10-05 15:00:00+00:00,13.75,74.76576,0.0,1015.669,83.0,31.147833,284.34937,54.719997,Aalborg
2026-10-05 16:00:00+00:00,13.15,78.79633,0.0,1015.9657,84.0,29.701118,284.36462,55.8,Aalborg
2026-10-05 17:00:00+00:00,12.65,82.514984,0.0,1016.16327,85.0,28.381578,283.95038,56.519997,Aalborg
2026-10-05 18:00:00+00:00,12.45,85.30051,0.0,1016.1623,87.0,27.445953,283.68094,55.8,Aalborg
2026-10-05 19:00:00+00:00,12.55,87.03653,0.0,1016.0627,89.0,26.641848,282.93805,53.639996,Aalborg
2026-10-05 20:00:00+00:00,12.85,88.22985,0.0,1015.7647,91.0,26.014042,282.06775,49.68,Aalborg
2026-10-05 21:00:00+00:00,13.25,89.14464,0.0,1015.3671,94.0,25.53155,280.69217,45.36,Aalborg
