date,location,target_energy_next_hour,predicted_energy_next_hour
2026-09-27 22:00:00+00:00,Aalborg,0.0,0.09
2026-09-27 23:00:00+00:00,Aalborg,0.0,0.09
2026-09-28 00:00:00+00:00,Aalborg,0.0,0.11
2026-09-28 01:00:00+00:00,Aalborg,0.0,0.09
2026-09-28 02:00:00+00:00,Aalborg,0.0,0.25
2026-09-28 03:00:00+00:00,Aalborg,0.0,0.22
2026-09-28 04:00:00+00:00,Aalborg,0.0,0.25
2026-09-28 05:00:00+00:00,Aalborg,1.0,0.31
2026-09-28 06:00:00+00:00,Aalborg,1.0,0.88
2026-09-28 07:00:00+00:00,Aalborg,1.0,0.96
2026-09-28 08:00:00+00:00,Aalborg,1.0,0.95
2026-09-28 09:00:00+00:00,Aalborg,1.0,0.97
2026-09-28 10:00:00+00:00,Aalborg,1.0,0.93
2026-09-28 11:00:00+00:00,Aalborg,1.0,0.98
2026-09-28 12:00:00+00:00,Aalborg,1.0,0.98
2026-09-28 13:00:00+00:00,Aalborg,1.0,0.97
2026-09-28 14:00:00+00:00,Aalborg,1.0,0.97
2026-09-28 15:00:00+00:00,Aalborg,1.0,0.98
2026-09-28 16:00:00+00:00,Aalborg,1.0,0.9415750971051928
2026-09-28 17:00:00+00:00,Aalborg,1.0,0.9823875557923529
2026-09-28 18:00:00+00:00,Aalborg,1.0,0.98
2026-09-28 19:00:00+00:00,Aalborg,1.0,0.7
2026-09-28 20:00:00+00:00,Aalborg,1.0,0.90723090287145
2026-09-28 21:00:00+00:00,Aalborg,1.0,0.9644618057429
2026-09-28 22:00:00+00:00,Aalborg,1.0,0.8765386285893125
2026-09-28 23:00:00+00:00,Aalborg,1.0,0.9334337553261074
2026-09-29 00:00:00+00:00,Aalborg,1.0,0.9510103100830624
2026-09-29 01:00:00+00:00,Aalborg,1.0,0.9560375770885936
2026-09-29 02:00:00+00:00,Aalborg,1.0,0.8993751302708699
2026-09-29 03:00:00+00:00,Aalborg,0.892115398128496,0.8061115263229023
2026-09-29 04:00:00+00:00,Aalborg,0.3468105445777518,0.6214713262961912
2026-09-29 05:00:00+00:00,Aalborg,0.0703379339523576,0.3015889148231915
2026-09-29 06:00:00+00:00,Aalborg,5.9737392943010616e-05,0.17895038164210825
2026-09-29 07:00:00+00:00,Aalborg,0.0,0.12801013342720008
2026-09-29 08:00:00+00:00,Aalborg,0.0167783738293003,0.18616346349028512
2026-09-29 09:00:00+00:00,Aalborg,0.2888462904835401,0.1766181169212902
2026-09-29 10:00:00+00:00,Aalborg,0.7657257548039909,0.7112728288830723
2026-09-29 11:00:00+00:00,Aalborg,1.0,0.7643289582503422
2026-09-29 12:00:00+00:00,Aalborg,1.0,0.9767428470726354
2026-09-29 13:00:00+00:00,Aalborg,1.0,0.99
2026-09-29 14:00:00+00:00,Aalborg,1.0,0.9764282009662751
2026-09-29 15:00:00+00:00,Aalborg,1.0,0.9593649528192354
2026-09-29 16:00:00+00:00,Aalborg,0.0,0.6293649528192353
2026-09-29 17:00:00+00:00,Aalborg,0.0,0.49
2026-09-29 18:00:00+00:00,Aalborg,0.0,0.17
2026-09-29 19:00:00+00:00,Aalborg,0.0,0.21
2026-09-29 20:00:00+00:00,Aalborg,0.0,0.23
2026-09-29 21:00:00+00:00,Aalborg,0.0,0.32
2026-09-29 22:00:00+00:00,Aalborg,0.0,0.27
2026-09-29 23:00:00+00:00,Aalborg,0.0,0.17
2026-09-30 00:00:00+00:00,Aalborg,0.0,0.12
2026-09-30 01:00:00+00:00,Aalborg,0.0,0.12
2026-09-30 02:00:00+00:00,Aalborg,0.0,0.12
2026-09-30 03:00:00+00:00,Aalborg,0.0,0.12
2026-09-30 04:00:00+00:00,Aalborg,0.0,0.12
2026-09-30 05:00:00+00:00,Aalborg,0.0,0.22
2026-09-30 06:00:00+00:00,Aalborg,0.0,0.06
2026-09-30 07:00:00+00:00,Aalborg,0.0,0.06
2026-09-30 08:00:00+00:00,Aalborg,0.0,0.13
2026-09-30 09:00:00+00:00,Aalborg,0.0,0.07
2026-09-30 10:00:00+00:00,Aalborg,0.0,0.03
2026-09-30 11:00:00+00:00,Aalborg,0.0,0.03
2026-09-30 12:00:00+00:00,Aalborg,0.0,0.03
2026-09-30 13:00:00+00:00,Aalborg,0.0,0.03
2026-09-30 14:00:00+00:00,Aalborg,0.0,0.03
2026-09-30 15:00:00+00:00,Aalborg,0.0,0.03
2026-09-30 16:00:00+00:00,Aalborg,0.0,0.03
2026-09-30 17:00:00+00:00,Aalborg,0.0,0.04
2026-09-30 18:00:00+00:00,Aalborg,0.0,0.07
2026-09-30 19:00:00+00:00,Aalborg,0.0,0.07
2026-09-30 20:00:00+00:00,Aalborg,0.0,0.1
2026-09-30 21:00:00+00:00,Aalborg,0.0,0.1
2026-09-30 22:00:00+00:00,Aalborg,0.0,0.13
2026-09-30 23:00:00+00:00,Aalborg,0.0,0.17
2026-10-01 00:00:00+00:00,Aalborg,0.0,0.14
2026-10-01 01:00:00+00:00,Aalborg,0.0,0.14
2026-10-01 02:00:00+00:00,Aalborg,0.0,0.23
2026-10-01 03:00:00+00:00,Aalborg,0.0,0.23
2026-10-01 04:00:00+00:00,Aalborg,0.0,0.23
2026-10-01 05:00:00+00:00,Aalborg,0.0,0.23
2026-10-01 06:00:00+00:00,Aalborg,0.0,0.23
2026-10-01 07:00:00+00:00,Aalborg,0.0,0.07
2026-10-01 08:00:00+00:00,Aalborg,0.0,0.08
2026-10-01 09:00:00+00:00,Aalborg,0.0,0.05
2026-10-01 10:00:00+00:00,Aalborg,0.0,0.05
2026-10-01 11:00:00+00:00,Aalborg,0.0,0.06
2026-10-01 12:00:00+00:00,Aalborg,0.0,0.04
2026-10-01 13:00:00+00:00,Aalborg,0.0,0.04
2026-10-01 14:00:00+00:00,Aalborg,0.0,0.04
2026-10-01 15:00:00+00:00,Aalborg,0.0,0.06
2026-10-01 16:00:00+00:00,Aalborg,0.0,0.05
2026-10-01 17:00:00+00:00,Aalborg,0.0,0.05
2026-10-01 18:00:00+00:00,Aalborg,0.0,0.17
2026-10-01 19:00:00+00:00,Aalborg,0.0,0.18
2026-10-01 20:00:00+00:00,Aalborg,0.0,0.18
2026-10-01 21:00:00+00:00,Aalborg,1.0,0.42
2026-10-01 22:00:00+00:00,Aalborg,1.0,0.86
2026-10-01 23:00:00+00:00,Aalborg,0.0,0.6730661640640848
2026-10-02 00:00:00+00:00,Aalborg,0.0,0.47
2026-10-02 01:00:00+00:00,Aalborg,0.0,0.34
2026-10-02 02:00:00+00:00,Aalborg,1.0,0.43
2026-10-02 03:00:00+00:00,Aalborg,1.0,0.7
2026-10-02 04:00:00+00:00,Aalborg,1.0,0.8437584383462223
2026-10-02 05:00:00+00:00,Aalborg,1.0,0.8992599419602613
2026-10-02 06:00:00+00:00,Aalborg,1.0,0.9191605920332332
2026-10-02 07:00:00+00:00,Aalborg,1.0,0.9914223391527182
2026-10-02 08:00:00+00:00,Aalborg,1.0,0.9714223391527181
2026-10-02 09:00:00+00:00,Aalborg,1.0,0.9776161170488947
2026-10-02 10:00:00+00:00,Aalborg,1.0,0.9712487467222491
2026-10-02 11:00:00+00:00,Aalborg,1.0,0.9912487467222492
2026-10-02 12:00:00+00:00,Aalborg,1.0,0.9905564724401116
2026-10-02 13:00:00+00:00,Aalborg,1.0,0.9905564724401116
2026-10-02 14:00:00+00:00,Aalborg,1.0,0.9818511973091962
2026-10-02 15:00:00+00:00,Aalborg,1.0,0.9774880991360702
2026-10-02 16:00:00+00:00,Aalborg,1.0,0.9354491207867953
2026-10-02 17:00:00+00:00,Aalborg,1.0,0.5661603442732226
2026-10-02 18:00:00+00:00,Aalborg,1.0,0.6196817288720642
2026-10-02 19:00:00+00:00,Aalborg,1.0,0.6237436451108559
2026-10-02 20:00:00+00:00,Aalborg,1.0,0.7012269178754047
2026-10-02 21:00:00+00:00,Aalborg,1.0,0.9034177525072252
2026-10-02 22:00:00+00:00,Aalborg,1.0,0.9462190729160572
2026-10-02 23:00:00+00:00,Aalborg,1.0,0.9648254640656178
2026-10-03 00:00:00+00:00,Aalborg,1.0,0.9596512146356116
2026-10-03 01:00:00+00:00,Aalborg,1.0,0.9738087710338735
2026-10-03 02:00:00+00:00,Aalborg,1.0,0.9193551630382512
2026-10-03 03:00:00+00:00,Aalborg,1.0,0.9249361806826564
2026-10-03 04:00:00+00:00,Aalborg,1.0,0.9402177064470537
2026-10-03 05:00:00+00:00,Aalborg,1.0,0.9436362544704362
2026-10-03 06:00:00+00:00,Aalborg,1.0,0.9336362544704362
2026-10-03 07:00:00+00:00,Aalborg,1.0,0.9815594316240235
2026-10-03 08:00:00+00:00,Aalborg,1.0,0.9780862345245157
2026-10-03 09:00:00+00:00,Aalborg,1.0,0.9783880835958726
2026-10-03 10:00:00+00:00,Aalborg,1.0,1.0
2026-10-03 11:00:00+00:00,Aalborg,1.0,0.9
2026-10-03 12:00:00+00:00,Aalborg,1.0,0.839436713656693
2026-10-03 13:00:00+00:00,Aalborg,1.0,0.7
2026-10-03 14:00:00+00:00,Aalborg,1.0,0.88
2026-10-03 15:00:00+00:00,Aalborg,1.0,0.8538517966214683
2026-10-03 16:00:00+00:00,Aalborg,1.0,0.8077035932429365
2026-10-03 17:00:00+00:00,Aalborg,1.0,0.33
2026-10-03 18:00:00+00:00,Aalborg,1.0,0.34
2026-10-03 19:00:00+00:00,Aalborg,1.0,0.7489254106097527
2026-10-03 20:00:00+00:00,Aalborg,1.0,0.8582331363276152
2026-10-03 21:00:00+00:00,Aalborg,1.0,0.9150736139882845
2026-10-03 22:00:00+00:00,Aalborg,1.0,0.8537584383462223
2026-10-03 23:00:00+00:00,Aalborg,1.0,0.8675168766924446
2026-10-04 00:00:00+00:00,Aalborg,1.0,0.8833632309996196
2026-10-04 01:00:00+00:00,Aalborg,0.0,0.608615451435725
2026-10-04 02:00:00+00:00,Aalborg,0.0,0.42
2026-10-04 03:00:00+00:00,Aalborg,0.0,0.53
2026-10-04 04:00:00+00:00,Aalborg,0.0,0.17
2026-10-04 05:00:00+00:00,Aalborg,0.0,0.09
2026-10-04 06:00:00+00:00,Aalborg,0.0,0.05
2026-10-04 07:00:00+00:00,Aalborg,0.0,0.01
2026-10-04 08:00:00+00:00,Aalborg,0.0,0.01
2026-10-04 09:00:00+00:00,Aalborg,0.0,0.01
2026-10-04 10:00:00+00:00,Aalborg,0.0,0.01
2026-10-04 11:00:00+00:00,Aalborg,0.0,0.01
2026-10-04 12:00:00+00:00,Aalborg,0.0,0.01
2026-10-04 13:00:00+00:00,Aalborg,0.0,0.01
2026-10-04 14:00:00+00:00,Aalborg,0.0,0.01
2026-10-04 15:00:00+00:00,Aalborg,0.0,0.02
2026-10-04 16:00:00+00:00,Aalborg,0.0,0.36
2026-10-04 17:00:00+00:00,Aalborg,0.0,0.42
2026-10-04 18:00:00+00:00,Aalborg,0.0,0.35
2026-10-04 19:00:00+00:00,Aalborg,0.0,0.31
2026-10-04 20:00:00+00:00,Aalborg,0.0,0.16
2026-10-04 21:00:00+00:00,Aalborg,,0.06
