date,temperature_2m,relative_humidity_2m,precipitation,surface_pressure,cloud_cover,wind_speed_80m,wind_direction_80m,wind_gusts_10m,location,hour,day_of_week,month,wind_speed_80m_lag_1,wind_speed_80m_lag_2,wind_speed_80m_lag_3,wind_speed_80m_lag_24,wind_speed_80m_roll_3,wind_speed_80m_roll_6,wind_speed_80m_cubed,temp_wind_interaction,theoretical_energy,target_energy_next_hour
2026-09-30 22:00:00+00:00,15.1545,86.0,0.0,1023.36523,51.0,38.905926,121.53974,46.8,Aalborg,22,2,9,39.9647,42.243763,42.851437,34.791172,40.371463,41.356768833333334,58890.77494579756,589.5998555670001,0.0,0.0
2026-09-30 23:00:00+00:00,14.9045,89.0,0.0,1023.3644,52.0,37.974277,120.2373,41.760002,Aalborg,23,2,9,38.905926,39.9647,42.243763,33.79488,38.948300999999994,40.851310500000004,54760.6433776709,565.9876115465,0.0,0.0
2026-10-01 00:00:00+00:00,14.7045,90.0,0.0,1023.06384,30.0,36.82495,118.76286,39.96,Aalborg,0,3,10,37.974277,38.905926,39.9647,33.15909,37.90171766666666,39.7941755,49937.46560380744,541.4924772749999,0.0,0.0
2026-10-01 01:00:00+00:00,14.6045,91.0,0.0,1022.66364,23.0,36.6032,119.2679,38.519997,Aalborg,1,3,10,36.82495,37.974277,38.905926,33.47964,37.13414233333334,38.75280266666667,49040.756900384775,534.5714344,0.0,0.0
2026-10-01 02:00:00+00:00,14.5045,92.0,0.0,1022.56354,11.0,35.595802,121.49645,38.88,Aalborg,2,3,10,36.6032,36.82495,37.974277,32.178272,36.341317333333336,37.64480916666667,45102.0567502442,516.299310109,0.0,0.0
2026-10-01 03:00:00+00:00,14.4545,91.0,0.0,1022.2635,9.0,36.28649,121.15373,40.32,Aalborg,3,3,10,35.595802,36.6032,36.82495,30.787024,36.16183066666667,37.03177416666667,47778.760898273045,524.503069705,0.0,0.0
2026-10-01 04:00:00+00:00,14.5045,90.0,0.0,1022.06415,53.0,36.202415,123.53607,40.68,Aalborg,4,3,10,36.28649,35.595802,36.6032,33.424435,36.02823566666667,36.581189,47447.42277119373,525.0979283675,0.0,0.0
2026-10-01 05:00:00+00:00,14.4545,90.0,0.0,1021.8641,99.0,36.304295,122.76849,39.239998,Aalborg,5,3,10,36.202415,36.28649,35.595802,37.81792,36.2644,36.302858666666665,47849.12744461027,524.7604320775,0.0,0.0
2026-10-01 06:00:00+00:00,14.6545,89.0,0.0,1021.9649,100.0,36.677547,121.104706,39.6,Aalborg,6,3,10,36.304295,36.202415,36.28649,36.96011,36.39475233333334,36.2782915,49340.193330677306,537.4911125115,0.0,0.0
2026-10-01 07:00:00+00:00,15.3545,85.0,0.0,1021.968,97.0,35.53695,120.23599,46.8,Aalborg,7,3,10,36.677547,36.304295,36.202415,37.111782,36.172930666666666,36.10058316666667,44878.71916766417,545.6520987749999,0.0,0.0
2026-10-01 08:00:00+00:00,16.1045,81.0,0.0,1021.97156,79.0,34.297993,115.1231,48.96,Aalborg,8,3,10,35.53695,36.677547,36.304295,37.34288,35.50416333333333,35.88428166666667,40346.52376818815,552.3520282685,0.0,0.0
2026-10-01 09:00:00+00:00,16.654501,78.0,0.0,1021.77435,82.0,33.973377,116.6973,51.12,Aalborg,9,3,10,34.297993,35.53695,36.677547,35.64894,34.60277333333333,35.49876283333333,39211.743713111195,565.809641219877,0.0,0.0
2026-10-01 10:00:00+00:00,17.1045,76.0,0.0,1021.5766,85.0,34.03448,120.00123,51.12,Aalborg,10,3,10,33.973377,34.297993,35.53695,37.58279,34.101949999999995,35.13744033333333,39423.697945773056,582.1427631600001,0.0,0.0
2026-10-01 11:00:00+00:00,17.5545,75.0,0.0,1021.0796,58.0,34.070187,122.38066,51.12,Aalborg,11,3,10,34.03448,33.973377,34.297993,37.646618,34.02601466666667,34.765088999999996,39547.91133568308,598.0850976915,0.0,0.0
2026-10-01 12:00:00+00:00,18.1045,73.0,0.0,1020.68225,61.0,33.883564,121.87956,51.12,Aalborg,12,3,10,34.070187,34.03448,33.973377,39.15198,33.996077,34.299425166666666,38901.58122233111,613.444984438,0.0,0.0
2026-10-01 13:00:00+00:00,18.6045,70.0,0.0,1020.1851,80.0,34.07967,125.57205,50.039997,Aalborg,13,3,10,33.883564,34.070187,34.03448,38.288685,34.01114033333334,34.056545166666666,39580.9434911979,634.0352205150001,0.0,0.0
2026-10-01 14:00:00+00:00,18.5545,69.0,0.0,1019.7856,99.0,31.615685,126.42486,48.96,Aalborg,14,3,10,34.07967,33.883564,34.070187,37.036232,33.192972999999995,33.60949383333333,31601.50656728134,586.6132273325001,0.0,0.0
2026-10-01 15:00:00+00:00,18.2045,70.0,0.0,1019.8839,100.0,29.401665,134.75826,47.519997,Aalborg,15,3,10,31.615685,34.07967,33.883564,39.55712,31.699006666666666,32.84754183333333,25416.501722714864,535.2426104925,0.0,0.0
2026-10-01 16:00:00+00:00,17.8545,73.0,0.0,1020.0821,100.0,28.907572,135.7376,39.96,Aalborg,16,3,10,29.401665,31.615685,34.07967,40.80122,29.974974,31.99305716666667,24156.54660175459,516.130244274,0.0,1.0
2026-10-01 17:00:00+00:00,17.4545,75.0,0.0,1020.4796,100.0,24.494808,144.03288,33.12,Aalborg,17,3,10,28.907572,29.401665,31.615685,41.007027,27.601348333333334,30.397160666666668,14696.777487189542,427.54462623599994,1.0,1.0
2026-10-01 18:00:00+00:00,17.154501,72.0,0.0,1020.9777,100.0,22.988989,153.23947,27.359999,Aalborg,18,3,10,24.494808,28.907572,29.401665,43.16776,25.463789666666667,28.581398166666663,12149.533907371353,394.364634789489,1.0,1.0
2026-10-01 19:00:00+00:00,16.5045,81.0,0.2,1021.3743,100.0,22.944761,156.57129,20.880001,Aalborg,19,3,10,22.988989,24.494808,28.907572,42.851437,23.476186,26.725579999999997,12079.546081397984,378.6918079245,1.0,1.0
2026-10-01 20:00:00+00:00,16.1045,89.0,0.3,1021.57214,100.0,22.303976,162.13506,22.68,Aalborg,20,3,10,22.944761,22.988989,24.494808,42.243763,22.74590866666667,25.173628499999996,11095.499732776587,359.194381492,1.0,1.0
2026-10-01 21:00:00+00:00,15.8545,94.0,0.4,1021.7706,100.0,19.328154,171.64934,22.319998,Aalborg,21,3,10,22.303976,22.944761,22.988989,39.9647,21.525630333333336,23.494709999999998,7220.564166998962,306.438217593,1.0,1.0
2026-10-01 22:00:00+00:00,15.6045,95.0,0.9,1022.1691,100.0,18.2873,171.17033,18.359999,Aalborg,22,3,10,19.328154,22.303976,22.944761,38.905926,19.973143333333333,21.724664666666666,6115.736543772616,285.36417285,1.0,1.0
2026-10-01 23:00:00+00:00,15.4545,96.0,1.7,1022.46814,100.0,15.109455,192.74529,16.199999,Aalborg,23,3,10,18.2873,19.328154,22.303976,37.974277,17.574969666666664,20.160439166666666,3449.4225541804817,233.5090722975,1.0,1.0
2026-10-02 00:00:00+00:00,15.304501,97.0,3.1,1022.7667,100.0,15.407004,210.0685,15.4800005,Aalborg,0,4,10,15.109455,18.2873,19.328154,36.82495,16.267919666666668,18.896775,3657.249472651528,235.796508125004,1.0,1.0
2026-10-02 01:00:00+00:00,15.2545,98.0,2.6,1022.96655,100.0,13.097223,230.9806,15.4800005,Aalborg,1,4,10,15.407004,15.109455,18.2873,36.6032,14.537894,17.255518666666667,2246.661620139534,199.7915882535,1.0,1.0
2026-10-02 02:00:00+00:00,15.304501,98.0,1.8,1023.4659,100.0,15.615366,242.57135,19.8,Aalborg,2,4,10,13.097223,15.407004,15.109455,35.595802,14.706531,16.140750333333333,3807.6454630412677,238.985384562366,1.0,1.0
2026-10-02 03:00:00+00:00,15.2045,96.0,0.9,1023.7651,100.0,18.690182,260.2725,23.4,Aalborg,3,4,10,15.615366,13.097223,15.407004,36.28649,15.800923666666668,16.034421666666663,6528.908637447868,284.174872219,1.0,1.0
2026-10-02 04:00:00+00:00,14.9545,95.0,0.6,1024.0635,100.0,17.558275,267.70944,18.72,Aalborg,4,4,10,18.690182,15.615366,13.097223,36.202415,17.287941,15.9129175,5413.09364287079,262.57522348749995,1.0,1.0
2026-10-02 05:00:00+00:00,14.8545,96.0,0.1,1024.2628,100.0,18.696768,264.0755,18.72,Aalborg,5,4,10,17.558275,18.690182,15.615366,36.304295,18.315074999999997,16.510803,6535.812991736964,277.731140256,1.0,1.0
2026-10-02 06:00:00+00:00,14.9045,99.0,0.0,1024.7626,100.0,19.486755,267.93622,24.119999,Aalborg,6,4,10,18.696768,17.558275,18.690182,36.677547,18.580599333333332,17.190761499999997,7399.77602658289,290.4403398975,1.0,1.0
2026-10-02 07:00:00+00:00,14.8545,96.0,0.0,1025.4613,100.0,20.370222,272.46805,28.44,Aalborg,7,4,10,19.486755,18.696768,17.558275,35.53695,19.517915,18.402928,8452.541003987155,302.58946269899997,1.0,1.0
2026-10-02 08:00:00+00:00,14.9545,95.0,0.0,1026.1608,100.0,21.681879,275.5721,25.919998,Aalborg,8,4,10,20.370222,19.486755,18.696768,34.297993,20.512952,19.4140135,10192.735377908322,324.24165950549997,1.0,1.0
2026-10-02 09:00:00+00:00,15.0045,92.0,0.0,1026.7601,100.0,20.702211,270.0,23.039999,Aalborg,9,4,10,21.681879,20.370222,19.486755,33.973377,20.918104,19.749351666666666,8872.58547775796,310.6263249495,1.0,1.0
2026-10-02 10:00:00+00:00,15.3545,88.0,0.0,1027.2611,99.0,17.916616,272.8063,23.039999,Aalborg,10,4,10,20.702211,21.681879,20.370222,34.03448,20.100235333333334,19.809075166666663,5751.325628378724,275.100680372,1.0,1.0
2026-10-02 11:00:00+00:00,16.0045,84.0,0.0,1027.5637,94.0,18.45151,273.27042,22.319998,Aalborg,11,4,10,17.916616,20.702211,21.681879,34.070187,19.023445666666664,19.768198833333333,6281.968274531977,295.307191795,1.0,1.0
2026-10-02 12:00:00+00:00,16.3045,82.0,0.0,1027.765,61.0,19.712893,274.59418,23.4,Aalborg,12,4,10,18.45151,17.916616,20.702211,33.883564,18.693673,19.8058885,7660.393759413633,321.40886391850006,1.0,1.0
2026-10-02 13:00:00+00:00,16.5545,80.0,0.0,1027.9658,24.0,19.486755,272.06378,25.199999,Aalborg,13,4,10,19.712893,18.45151,17.916616,34.07967,19.217052666666664,19.658644,7399.77602658289,322.5934856475,1.0,1.0
2026-10-02 14:00:00+00:00,16.5545,80.0,0.0,1028.1655,5.0,19.669127,272.5561,26.28,Aalborg,14,4,10,19.486755,19.712893,18.45151,31.615685,19.622925,19.32318533333333,7609.484793563466,325.6125629215,1.0,1.0
2026-10-02 15:00:00+00:00,16.154501,79.0,0.0,1028.2638,1.0,18.792828,272.67535,25.199999,Aalborg,15,4,10,19.669127,19.486755,19.712893,29.401665,19.316236666666665,19.004954833333333,6637.070285670828,303.588758718828,1.0,1.0
2026-10-02 16:00:00+00:00,15.5045,79.0,0.0,1028.3604,2.0,16.584648,263.92764,21.24,Aalborg,16,4,10,18.792828,19.669127,19.486755,28.907572,18.348867666666667,18.782960166666665,4561.616542080201,257.136674916,1.0,1.0
2026-10-02 17:00:00+00:00,14.3545,83.0,0.0,1028.555,2.0,17.258581,252.85435,16.919998,Aalborg,17,4,10,16.584648,18.792828,19.669127,24.494808,17.545352333333334,18.584138666666668,5140.617087606131,247.73830096449998,1.0,1.0
2026-10-02 18:00:00+00:00,13.4045,87.0,0.0,1028.7502,0.0,18.8468,245.82089,12.599999,Aalborg,18,4,10,17.258581,16.584648,18.792828,22.988989,17.563343,18.439789833333332,6694.418608039234,252.63193060000003,1.0,1.0
2026-10-02 19:00:00+00:00,12.7545,90.0,0.0,1028.9468,0.0,20.585913,240.37634,11.879999,Aalborg,19,4,10,18.8468,17.258581,16.584648,22.944761,18.897098,18.622982833333335,8723.894383057092,262.5630273585,1.0,1.0
2026-10-02 20:00:00+00:00,12.2545,92.0,0.0,1028.8446,1.0,21.153006,239.60681,11.879999,Aalborg,20,4,10,20.585913,18.8468,17.258581,22.303976,20.19523966666667,18.870296,9464.905402668648,259.219512027,1.0,1.0
2026-10-02 21:00:00+00:00,11.6045,94.0,0.0,1028.9414,0.0,22.250088,232.04572,11.879999,Aalborg,21,4,10,21.153006,20.585913,18.8468,19.328154,21.329669,19.446506000000003,11015.271322016915,258.201146196,1.0,1.0
2026-10-02 22:00:00+00:00,11.4045,93.0,0.0,1028.9404,0.0,22.590557,223.11183,13.679999,Aalborg,22,4,10,22.250088,21.153006,20.585913,18.2873,21.997883666666667,20.447490833333337,11528.712724860849,257.6340073065,1.0,1.0
2026-10-02 23:00:00+00:00,11.304501,93.0,0.0,1028.8401,15.0,22.75956,220.93654,14.4,Aalborg,23,4,10,22.590557,22.250088,21.153006,15.109455,22.533401666666666,21.364320666666668,11789.396805986924,257.28546877956,1.0,1.0
2026-10-03 00:00:00+00:00,11.1045,93.0,0.0,1028.8391,45.0,22.718952,222.80942,15.84,Aalborg,0,5,10,22.75956,22.590557,22.250088,15.407004,22.689689666666666,22.009679333333334,11726.404795089653,252.28260248400002,1.0,1.0
2026-10-03 01:00:00+00:00,10.9045,92.0,0.0,1028.5386,95.0,24.170343,219.69904,16.56,Aalborg,1,5,10,22.718952,22.75956,22.590557,13.097223,23.216285,22.607084333333333,14120.446851908868,263.5655052435,1.0,1.0
2026-10-03 02:00:00+00:00,10.9045,93.0,0.0,1028.2389,99.0,24.72183,214.59235,16.56,Aalborg,2,5,10,24.170343,22.718952,22.75956,15.615366,23.870375,23.201888333333333,15109.213116776553,269.57919523500004,1.0,0.0
2026-10-03 03:00:00+00:00,10.6545,93.0,0.0,1027.8381,100.0,25.310577,212.25795,15.119999,Aalborg,3,5,10,24.72183,24.170343,22.718952,18.690182,24.73425,23.71196983333333,16214.596188128588,269.6715426465,0.0,1.0
2026-10-03 04:00:00+00:00,10.804501,92.0,0.0,1027.6395,100.0,24.622648,214.25626,15.119999,Aalborg,4,5,10,25.310577,24.72183,24.170343,17.558275,24.885018333333335,24.050651666666667,14928.0908570314,266.035424938648,1.0,0.0
2026-10-03 05:00:00+00:00,11.003376,92.19292,0.0,1027.2908,84.5,25.666218,208.14151,17.189999,Aalborg,5,5,10,24.622648,25.310577,24.72183,18.696768,25.199814333333336,24.53509466666667,16907.74293024089,282.415047151968,0.0,0.0
2026-10-03 06:00:00+00:00,11.27725,92.38991,0.0,1026.9924,93.0,27.985134,210.10121,21.78,Aalborg,6,5,10,25.666218,24.622648,25.310577,19.486755,26.091333333333335,25.412791666666667,21917.053728542945,315.5953524015,0.0,0.0
2026-10-03 07:00:00+00:00,12.076124,93.35428,0.0,1026.6217,100.0,27.620907,210.96368,26.64,Aalborg,7,5,10,27.985134,25.666218,24.622648,20.370222,27.090752999999996,25.987885666666667,21072.39055019784,333.553497924468,0.0,1.0
2026-10-03 08:00:00+00:00,12.85,95.82655,0.0,1026.3508,99.0,23.224766,206.9521,30.960001,Aalborg,8,5,10,27.620907,27.985134,25.666218,21.681879,26.276935666666663,25.738375,12527.20086020136,298.43824309999997,1.0,1.0
2026-10-03 09:00:00+00:00,13.85,91.86846,0.0,1026.2554,100.0,24.613272,210.40334,35.28,Aalborg,9,5,10,23.224766,27.620907,27.985134,20.702211,25.152981666666665,25.6221575,14911.044052471427,340.89381719999994,1.0,0.0
2026-10-03 10:00:00+00:00,14.9,86.971794,0.0,1026.0609,98.0,26.422007,213.90114,38.519997,Aalborg,10,5,10,24.613272,23.224766,27.620907,17.916616,24.75334833333333,25.922050666666667,18445.79636401565,393.6879043,0.0,0.0
2026-10-03 11:00:00+00:00,16.05,78.44197,0.0,1025.7664,60.0,27.51316,215.92001,40.68,Aalborg,11,5,10,26.422007,24.613272,23.224766,18.45151,26.182813,26.229874333333328,20826.746040091122,441.58621800000003,0.0,0.0
2026-10-03 12:00:00+00:00,16.85,72.374115,0.0,1025.2709,38.0,28.934711,219.09384,42.48,Aalborg,12,5,10,27.51316,26.422007,24.613272,19.712893,27.623292666666668,26.388137166666667,24224.646425551942,487.54988035,0.0,0.0
2026-10-03 13:00:00+00:00,17.4,68.30159,0.0,1024.8737,34.0,27.675457,219.3405,42.48,Aalborg,13,5,10,28.934711,27.51316,26.422007,19.486755,28.041109333333335,26.397228833333333,21197.488245826662,481.55295179999996,0.0,0.0
2026-10-03 14:00:00+00:00,17.55,68.78448,0.0,1024.5751,21.0,25.19845,223.02507,39.239998,Aalborg,14,5,10,27.675457,28.934711,27.51316,19.669127,27.26953933333333,26.726176166666665,16000.055245625279,442.23279750000006,0.0,1.0
2026-10-03 15:00:00+00:00,17.1,71.94435,0.0,1024.2731,21.0,24.244728,228.81416,32.039997,Aalborg,15,5,10,25.19845,27.675457,28.934711,18.792828,25.706211666666665,26.664752166666663,14251.216850365803,414.58484880000003,1.0,1.0
2026-10-03 16:00:00+00:00,16.2,76.6801,0.0,1024.0692,14.0,24.377033,229.08571,28.8,Aalborg,16,5,10,24.244728,25.19845,27.675457,16.584648,24.606737,26.32392316666667,14485.801700287413,394.9079346,1.0,1.0
2026-10-03 17:00:00+00:00,15.15,81.47182,0.0,1023.96454,9.0,24.712488,222.41045,27.0,Aalborg,17,5,10,24.377033,24.244728,25.19845,17.258581,24.444749666666667,25.857144500000004,15092.090969613177,374.3941932,1.0,1.0
2026-10-03 18:00:00+00:00,14.4,85.78836,0.0,1023.86115,11.0,24.678215,215.15895,25.199999,Aalborg,18,5,10,24.712488,24.377033,24.244728,18.8468,24.589245333333338,25.1477285,15029.385724550415,355.36629600000003,1.0,0.0
2026-10-03 19:00:00+00:00,13.85,88.899574,0.0,1023.65875,16.0,26.481934,212.00534,27.0,Aalborg,19,5,10,24.678215,24.712488,24.377033,20.585913,25.290879,24.948808,18571.59039584191,366.7747859,0.0,0.0
2026-10-03 20:00:00+00:00,13.6,91.25149,0.0,1023.55804,32.0,26.240234,211.88353,28.44,Aalborg,20,5,10,26.481934,24.678215,24.712488,21.153006,25.80012766666667,25.122438666666667,18067.709981705608,356.8671824,0.0,0.0
2026-10-03 21:00:00+00:00,13.45,92.75423,0.0,1023.2577,100.0,26.520262,214.21576,29.16,Aalborg,21,5,10,26.240234,26.481934,24.678215,22.250088,26.41414333333333,25.501694333333333,18652.344615435733,356.69752389999996,0.0,1.0
2026-10-03 22:00:00+00:00,13.5,94.290955,0.1,1023.2577,100.0,21.70387,235.53912,29.519999,Aalborg,22,5,10,26.520262,26.240234,26.481934,22.590557,24.821455333333333,25.056167166666665,10223.781007954149,293.00224499999996,1.0,1.0
2026-10-03 23:00:00+00:00,13.0,93.035774,0.2,1023.35535,90.0,18.515623,282.58768,25.199999,Aalborg,23,5,10,21.70387,26.520262,26.240234,22.75956,22.246585,24.023356333333336,6347.679465399394,240.703099,1.0,1.0
2026-10-04 00:00:00+00:00,11.9,93.5975,0.0,1023.3502,43.0,19.477274,271.03223,24.48,Aalborg,0,6,10,18.515623,21.70387,26.520262,22.718952,19.898922333333335,23.156532833333333,7388.980517320626,231.77956060000002,1.0,1.0
2026-10-04 01:00:00+00:00,11.2,95.4548,0.0,1023.147,95.0,21.415482,268.12216,20.880001,Aalborg,1,6,10,19.477274,18.515623,21.70387,24.170343,19.802792999999998,22.312124166666667,9821.62980211812,239.8533984,1.0,1.0
2026-10-04 02:00:00+00:00,11.2,95.773315,0.0,1022.84735,99.0,21.605082,267.20737,21.24,Aalborg,2,6,10,21.415482,19.477274,18.515623,24.72183,20.832612666666666,21.539598833333333,10084.810847462966,241.9769184,1.0,1.0
2026-10-04 03:00:00+00:00,11.2,95.13723,0.0,1022.64764,35.0,23.695127,268.3029,24.84,Aalborg,3,6,10,21.605082,21.415482,19.477274,25.310577,22.238563666666664,21.068743,13303.843342124055,265.3854224,1.0,1.0
2026-10-04 04:00:00+00:00,10.9,95.44429,0.0,1022.6463,5.0,24.036255,270.41818,25.199999,Aalborg,4,6,10,23.695127,21.605082,21.415482,24.622648,23.11215466666667,21.457473833333335,13886.74332625628,261.9951795,1.0,1.0
2026-10-04 05:00:00+00:00,10.65,95.116615,0.0,1022.74493,10.0,23.90142,266.6336,24.48,Aalborg,5,6,10,24.036255,23.695127,21.605082,25.666218,23.877600666666666,22.355106666666668,13654.352499178745,254.550123,1.0,0.0
2026-10-04 06:00:00+00:00,10.6,94.47954,0.0,1023.1445,5.0,25.293547,267.21704,24.84,Aalborg,6,6,10,23.90142,24.036255,23.695127,27.985134,24.410407333333335,23.324485499999998,16181.888657989053,268.1115982,0.0,1.0
2026-10-04 07:00:00+00:00,11.3,92.32654,0.0,1023.3473,4.0,23.182316,267.3975,25.56,Aalborg,7,6,10,25.293547,23.90142,24.036255,27.620907,24.125761,23.618957833333337,12458.635051570169,261.9601708,1.0,1.0
2026-10-04 08:00:00+00:00,12.4,84.44301,0.0,1023.4524,17.0,20.388348,266.54675,30.599998,Aalborg,8,6,10,23.182316,25.293547,23.90142,23.224766,22.954737000000005,23.416168833333334,8475.125018527184,252.81551520000002,1.0,1.0
2026-10-04 09:00:00+00:00,13.25,77.759895,0.0,1023.5564,18.0,23.35758,272.58298,36.0,Aalborg,9,6,10,20.388348,23.182316,25.293547,24.613272,22.30941466666667,23.359911,12743.347759906337,309.487935,1.0,1.0
2026-10-04 10:00:00+00:00,13.95,69.924126,0.0,1023.55963,34.0,23.15907,269.56595,36.0,Aalborg,10,6,10,23.35758,20.388348,23.182316,26.422007,22.301666,23.2137135,12421.194040268447,323.0690265,1.0,0.0
2026-10-04 11:00:00+00:00,14.45,65.218414,0.0,1023.46204,14.0,25.477846,266.84213,39.239998,Aalborg,11,6,10,23.15907,23.35758,20.388348,27.51316,23.998165333333333,23.476451166666667,16538.195619805098,368.1548747,0.0,0.0
2026-10-04 12:00:00+00:00,14.65,65.70646,0.0,1023.1633,42.0,25.29598,260.0151,39.96,Aalborg,12,6,10,25.477846,23.15907,23.35758,28.934711,24.644298666666668,23.476856666666666,16186.558741109395,370.586107,0.0,0.0
2026-10-04 13:00:00+00:00,14.85,65.74978,0.0,1022.8646,56.0,26.287111,258.8401,42.12,Aalborg,13,6,10,25.29598,25.477846,23.15907,27.675457,25.686978999999997,23.9943225,18164.714527995522,390.36359834999996,0.0,0.0
2026-10-04 14:00:00+00:00,14.95,67.11821,0.0,1022.4656,72.0,27.423515,258.1869,43.92,Aalborg,14,6,10,26.287111,25.29598,25.477846,25.19845,26.335535333333336,25.166850333333333,20623.83183012223,409.98154924999994,0.0,0.0
2026-10-04 15:00:00+00:00,14.8,69.38718,0.0,1022.06537,85.0,28.381578,256.04962,44.639996,Aalborg,15,6,10,27.423515,26.287111,25.29598,24.244728,27.364068,26.004183333333334,22861.757563119285,420.0473544,0.0,0.0
2026-10-04 16:00:00+00:00,14.3,72.390114,0.0,1021.86346,92.0,29.02022,250.57909,42.12,Aalborg,16,6,10,28.381578,27.423515,26.287111,24.377033,28.27510433333333,26.981041666666666,24440.05063807771,414.989146,0.0,0.0
2026-10-04 17:00:00+00:00,13.55,76.511665,0.0,1021.66016,96.0,29.736849,243.73737,38.16,Aalborg,17,6,10,29.02022,28.381578,27.423515,24.712488,29.046215666666665,27.6908755,26295.706437593537,402.93430395,0.0,0.0
2026-10-04 18:00:00+00:00,13.05,79.57911,0.0,1021.3584,98.0,30.871891,238.47787,35.64,Aalborg,18,6,10,29.736849,29.02022,28.381578,24.678215,29.876319999999996,28.620194,29423.185958662805,402.87817755000003,0.0,0.0
2026-10-04 19:00:00+00:00,12.9,80.904015,0.0,1020.8581,99.0,32.022934,235.26508,36.0,Aalborg,19,6,10,30.871891,29.736849,29.02022,26.481934,30.877224666666667,29.5761645,32838.503753024735,413.0958486,0.0,0.0
2026-10-04 20:00:00+00:00,13.0,80.91749,0.0,1020.3593,98.0,33.088463,233.19077,38.16,Aalborg,20,6,10,32.022934,30.871891,29.736849,26.240234,31.994429333333333,30.520322500000002,36226.784057819634,430.150019,0.0,0.0
2026-10-04 21:00:00+00:00,13.1,81.20228,0.0,1019.76044,97.0,34.037647,232.53937,39.96,Aalborg,21,6,10,33.088463,32.022934,30.871891,26.520262,33.04968133333333,31.46300066666667,39434.704413611085,445.8931757,0.0,0.0
2026-10-04 22:00:00+00:00,13.25,81.49407,0.0,1019.26196,98.0,35.265682,233.7001,41.399998,Aalborg,22,6,10,34.037647,33.088463,32.022934,21.70387,34.130597333333334,32.503910999999995,43858.81173081345,467.2702865,0.0,0.0
2026-10-04 23:00:00+00:00,13.4,81.78612,0.0,1018.76337,99.0,36.397438,236.0035,42.839996,Aalborg,23,6,10,35.265682,34.037647,33.088463,18.515623,35.233589,33.61400916666667,48218.36107419495,487.7256692,0.0,0.0
2026-10-05 00:00:00+00:00,13.6,82.358444,0.0,1018.26495,100.0,37.435493,238.02312,44.28,Aalborg,0,0,10,36.397438,35.265682,34.037647,19.477274,36.366204333333336,34.707942833333334,52462.70395504452,509.1227048,0.0,0.0
2026-10-05 01:00:00+00:00,13.8,83.2083,0.0,1017.6666,100.0,38.125954,239.89548,45.36,Aalborg,1,0,10,37.435493,36.397438,35.265682,21.415482,37.319628333333334,35.725112833333334,55419.44326893914,526.1381652,0.0,0.0
2026-10-05 02:00:00+00:00,14.05,83.79122,0.0,1017.0684,100.0,38.547066,241.45207,46.079998,Aalborg,2,0,10,38.125954,37.435493,36.397438,21.605082,38.036171,36.63488,57276.17169632612,541.5862773,0.0,0.0
2026-10-05 03:00:00+00:00,14.25,84.928665,0.0,1016.57,100.0,38.839806,242.85631,46.8,Aalborg,3,0,10,38.547066,38.125954,37.435493,23.695127,38.50427533333334,37.435239833333334,58591.033134846155,553.4672355,0.0,0.0
2026-10-05 04:00:00+00:00,14.45,86.076164,0.0,1016.1715,100.0,38.680984,243.3188,47.16,Aalborg,4,0,10,38.839806,38.547066,38.125954,24.036255,38.68928533333334,38.00445683333333,57875.20475672219,558.9402188,0.0,0.0
2026-10-05 05:00:00+00:00,14.7,86.95287,0.0,1015.7733,100.0,38.367786,243.08353,47.16,Aalborg,5,0,10,38.680984,38.839806,38.547066,23.90142,38.62952533333333,38.33284816666667,56480.7190869051,564.0064542,0.0,0.0
2026-10-05 06:00:00+00:00,14.9,87.829605,0.0,1015.4747,100.0,38.132008,243.19923,47.16,Aalborg,6,0,10,38.367786,38.680984,38.839806,25.293547,38.39359266666667,38.448934,55445.84753316149,568.1669192,0.0,0.0
2026-10-05 07:00:00+00:00,15.1,88.42253,0.0,1015.2755,100.0,38.132008,243.19923,47.519997,Aalborg,7,0,10,38.132008,38.367786,38.680984,23.182316,38.21060066666667,38.449943,55445.84753316149,575.7933208,0.0,0.0
2026-10-05 08:00:00+00:00,15.3,88.72789,0.0,1015.2765,100.0,38.210224,243.55267,47.88,Aalborg,8,0,10,38.132008,38.132008,38.367786,20.388348,38.158080000000005,38.393802666666666,55787.73778950687,584.6164272,0.0,0.0
2026-10-05 09:00:00+00:00,15.6,88.177666,0.0,1015.1782,100.0,39.004295,244.7029,49.32,Aalborg,9,0,10,38.210224,38.132008,38.132008,23.35758,38.44884233333334,38.421217500000004,59338.60024338115,608.467002,0.0,0.0
2026-10-05 10:00:00+00:00,16.1,85.96127,0.1,1014.98065,90.0,41.311016,247.79187,53.28,Aalborg,10,0,10,39.004295,38.210224,38.132008,23.15907,39.50851166666667,38.85955616666667,70501.38168000134,665.1073576000001,0.0,0.0
2026-10-05 11:00:00+00:00,16.65,83.003944,0.1,1014.88336,76.0,44.330044,251.063,58.32,Aalborg,11,0,10,41.311016,39.004295,38.210224,25.477846,41.54845166666667,39.85326583333333,87115.31013691227,738.0952325999999,0.0,0.0
2026-10-05 12:00:00+00:00,17.0,81.181435,0.1,1014.6853,65.0,45.9599,253.36353,62.279995,Aalborg,12,0,10,44.330044,41.311016,39.004295,25.29598,43.86698666666667,41.1579145,97081.66704089878,781.3182999999999,0.0,0.0
2026-10-05 13:00:00+00:00,16.9,81.69754,0.0,1014.5847,59.0,44.534748,253.99252,64.799995,Aalborg,13,0,10,45.9599,44.330044,41.311016,26.287111,44.94156400000001,42.22503783333333,88327.71541399334,752.6372412,0.0,0.0
2026-10-05 14:00:00+00:00,16.6,83.26801,0.0,1014.4836,56.0,41.643105,253.85559,66.24,Aalborg,14,0,10,44.534748,45.9599,44.330044,27.423515,44.04591766666667,42.79718466666666,72215.31533001077,691.2755430000001,0.0,0.0
2026-10-05 15:00:00+00:00,16.25,84.86702,0.0,1014.3822,59.0,39.238365,253.10437,65.520004,Aalborg,15,0,10,41.643105,44.534748,45.9599,28.381578,41.805406000000005,42.83619633333333,60413.32072955969,637.6234312500001,0.0,0.0
2026-10-05 16:00:00+00:00,15.9,86.50185,0.0,1014.2806,71.0,38.559444,251.97716,61.199997,Aalborg,16,0,10,39.238365,41.643105,44.534748,29.02022,39.813638,42.377601,57331.36594659588,613.0951596,0.0,0.0
2026-10-05 17:00:00+00:00,15.5,88.74434,0.0,1014.27875,88.0,38.34331,250.48717,54.719997,Aalborg,17,0,10,38.559444,39.238365,41.643105,29.736849,38.713706333333334,41.379812,56372.695623314896,594.321305,0.0,0.0
2026-10-05 18:00:00+00:00,15.2,90.17538,0.0,1014.1776,100.0,38.02895,249.47481,49.68,Aalborg,18,0,10,38.34331,38.559444,39.238365,30.871891,38.310568,40.057987000000004,54997.50696794807,578.04004,0.0,0.0
2026-10-05 19:00:00+00:00,15.1,90.75668,0.0,1014.177,100.0,36.920113,249.412,47.88,Aalborg,19,0,10,38.02895,38.34331,38.559444,32.022934,37.764124333333335,38.78888116666666,50325.6119757039,557.4937063,0.0,0.0
2026-10-05 20:00:00+00:00,15.1,90.75668,0.0,1014.177,100.0,35.62908,250.13733,47.519997,Aalborg,20,0,10,36.920113,38.02895,38.34331,33.088463,36.859381000000006,37.78654366666667,45228.67082602692,537.999108,0.0,0.0
2026-10-05 21:00:00+00:00,15.05,90.753265,0.0,1014.07715,100.0,34.73318,250.83278,47.16,Aalborg,21,0,10,35.62908,36.920113,38.02895,34.037647,35.760791000000005,37.03567950000001,41901.892760109105,522.734359,0.0,0.0
2026-10-05 22:00:00+00:00,14.85,91.6303,0.0,1013.97626,100.0,34.73318,250.83278,45.719997,Aalborg,22,0,10,34.73318,35.62908,36.920113,35.265682,35.03181333333334,36.39796883333333,41901.892760109105,515.7877229999999,0.0,0.0
2026-10-05 23:00:00+00:00,14.6,92.51478,0.0,1013.7752,100.0,35.0648,251.02103,43.92,Aalborg,23,0,10,34.73318,34.73318,35.62908,36.397438,34.84372,35.8515505,43113.58117129779,511.94607999999994,0.0,0.0
2026-10-06 00:00:00+00:00,14.45,92.80845,0.0,1013.5749,100.0,35.008133,251.29256,42.839996,Aalborg,0,1,10,35.0648,34.73318,34.73318,37.435493,34.935371,35.348081,42904.89572083531,505.86752185,0.0,0.0
2026-10-06 01:00:00+00:00,14.45,91.90482,0.0,1013.3752,98.0,34.349556,252.7681,42.48,Aalborg,1,1,10,35.008133,35.0648,34.73318,38.125954,34.80749633333333,34.91965483333333,40528.76623854478,496.35108419999995,0.0,0.0
2026-10-06 02:00:00+00:00,14.55,90.718956,0.0,1013.176,95.0,33.45205,254.79753,42.48,Aalborg,2,1,10,34.349556,35.008133,35.0648,38.547066,34.269913,34.5568165,37434.17029710449,486.7273275,0.0,0.0
2026-10-06 03:00:00+00:00,14.55,90.128105,0.0,1013.0762,85.0,32.468704,255.2879,42.12,Aalborg,3,1,10,33.45205,34.349556,35.008133,38.839806,33.42343666666667,34.17940383333333,34229.051264710026,472.41964320000005,0.0,0.0
2026-10-06 04:00:00+00:00,14.3,91.89577,0.0,1012.97504,61.0,31.126577,252.27985,41.039997,Aalborg,4,1,10,32.468704,33.45205,34.349556,38.680984,32.349110333333336,33.57830333333333,30157.413540517795,445.1100511,0.0,0.0
2026-10-06 05:00:00+00:00,14.0,94.312546,0.0,1012.97375,32.0,29.717693,247.06787,39.239998,Aalborg,5,1,10,31.126577,32.468704,33.45205,38.367786,31.10432466666667,32.68711883333333,26244.921352713045,416.047702,0.0,0.0
2026-10-06 06:00:00+00:00,14.0,94.930084,0.0,1012.97375,16.0,29.188902,242.81897,38.88,Aalborg,6,1,10,29.717693,31.126577,32.468704,38.132008,30.011057333333337,31.717247,24868.710991780015,408.644628,0.0,0.0
2026-10-06 07:00:00+00:00,14.65,91.916916,0.0,1012.9766,28.0,29.617056,240.5499,39.96,Aalborg,7,1,10,29.188902,29.717693,31.126577,38.132008,29.50788366666667,30.928496999999997,25979.193192395393,433.8898704,0.0,0.0
2026-10-06 08:00:00+00:00,15.6,87.32147,0.0,1012.9811,54.0,30.599998,239.31801,42.12,Aalborg,8,1,10,29.617056,29.188902,29.717693,38.210224,29.801985333333334,30.453155,28652.610381840364,477.3599688,0.0,0.0
2026-10-06 09:00:00+00:00,16.4,83.24437,0.0,1012.8847,75.0,31.5338,239.58302,44.28,Aalborg,9,1,10,30.599998,29.617056,29.188902,39.004295,30.583618,30.297337666666667,31356.59714919447,517.15432,0.0,0.0
2026-10-06 10:00:00+00:00,16.9,79.85851,0.0,1012.68713,84.0,32.415577,241.90936,46.079998,Aalborg,10,1,10,31.5338,30.599998,29.617056,41.311016,31.516458333333333,30.512171000000006,34061.30392323234,547.8232512999999,0.0,0.0
2026-10-06 11:00:00+00:00,17.2,77.08888,0.0,1012.48895,88.0,33.28047,245.05612,47.88,Aalborg,11,1,10,32.415577,31.5338,30.599998,44.330044,32.409949000000005,31.10596716666667,36861.10523139876,572.424084,0.0,0.0
2026-10-06 12:00:00+00:00,17.3,75.85633,0.0,1012.1897,84.0,33.88765,247.15192,49.32,Aalborg,12,1,10,33.28047,32.415577,31.5338,45.9599,33.19456566666667,31.889091833333335,38915.6562791546,586.256345,0.0,0.0
2026-10-06 13:00:00+00:00,17.15,76.57929,0.0,1011.7896,67.0,33.726048,247.0362,50.399998,Aalborg,13,1,10,33.88765,33.28047,32.415577,44.534748,33.63138933333334,32.57392383333333,38361.56897321205,578.4017231999999,0.0,0.0
2026-10-06 14:00:00+00:00,16.8,78.809555,0.0,1011.2887,43.0,33.134018,245.60628,50.76,Aalborg,14,1,10,33.726048,33.88765,33.28047,41.643105,33.582572,32.9962605,36376.617334681825,556.6515024,0.0,0.0
2026-10-06 15:00:00+00:00,16.35,81.361115,0.0,1010.9868,24.0,32.248024,243.85321,50.399998,Aalborg,15,1,10,33.134018,33.726048,33.88765,39.238365,33.036030000000004,33.11529783333334,33535.85051226002,527.2551924,0.0,0.0
2026-10-06 16:00:00+00:00,15.7,84.255585,0.0,1010.8842,18.0,31.168085,241.41537,47.88,Aalborg,16,1,10,32.248024,33.134018,33.726048,38.559444,32.18337566666667,32.9073825,30278.22129258469,489.3389345,0.0,0.0
2026-10-06 17:00:00+00:00,14.95,87.26153,0.0,1010.88074,18.0,30.0903,238.34877,44.639996,Aalborg,17,1,10,31.168085,32.248024,33.134018,38.34331,31.168803,32.375687500000005,27244.544604414325,449.84998499999995,0.0,0.0
2026-10-06 18:00:00+00:00,14.4,89.5291,0.0,1010.8782,18.0,29.341406,236.21487,42.12,Aalborg,18,1,10,30.0903,31.168085,32.248024,38.02895,30.19993033333333,31.617980166666666,25260.547682564684,422.5162464,0.0,0.0
2026-10-06 19:00:00+00:00,14.2,92.19059,0.0,1015.1716,100.0,27.179995,240.6222,43.56,Aalborg,19,1,10,29.341406,30.0903,31.168085,36.920113,28.870566999999998,30.526971333333336,20079.279150716044,385.955929,0.0,0.0
2026-10-06 20:00:00+00:00,14.15,92.79225,0.0,1015.0717,100.0,26.29765,238.64297,41.399998,Aalborg,20,1,10,27.179995,29.341406,30.0903,35.62908,27.606350333333335,29.38757666666667,18186.571021212272,372.11174750000004,0.0,1.0
2026-10-06 21:00:00+00:00,14.1,93.39783,0.0,1014.87164,100.0,24.962816,236.75665,38.519997,Aalborg,21,1,10,26.29765,27.179995,29.341406,34.73318,26.146820333333334,28.173375333333336,15555.383647326747,351.97570559999997,1.0,1.0
2026-10-06 22:00:00+00:00,14.1,93.703285,0.0,1014.6719,100.0,23.902708,234.56001,35.64,Aalborg,22,1,10,24.962816,26.29765,27.179995,34.73318,25.05439133333333,26.962479166666668,13656.560035854889,337.0281828,1.0,1.0
2026-10-06 23:00:00+00:00,14.1,93.703285,0.0,1014.4721,100.0,22.742647,231.89238,33.12,Aalborg,23,1,10,23.902708,24.962816,26.29765,35.0648,23.86939033333333,25.737870333333333,11763.133653461015,320.6713227,1.0,1.0
2026-10-07 00:00:00+00:00,14.1,94.00961,0.0,1014.2724,100.0,21.86917,228.25203,30.960001,Aalborg,0,2,10,22.742647,23.902708,24.962816,35.008133,22.838175000000003,24.492497666666665,10459.162288917158,308.355297,1.0,1.0
2026-10-07 01:00:00+00:00,14.05,94.31469,0.0,1013.9724,100.0,21.343498,223.66785,29.519999,Aalborg,1,2,10,21.86917,22.742647,23.902708,34.349556,21.985105,23.51974816666667,9722.921808818179,299.87614690000004,1.0,1.0
2026-10-07 02:00:00+00:00,13.95,95.23839,0.0,1013.6726,100.0,21.207504,218.95592,28.08,Aalborg,2,2,10,21.343498,21.86917,22.742647,33.45205,21.47339066666667,22.6713905,9538.249375019568,295.8446808,1.0,1.0
2026-10-07 03:00:00+00:00,13.85,95.85834,0.0,1013.27234,100.0,21.118055,213.82211,27.0,Aalborg,3,2,10,21.207504,21.343498,21.86917,32.468704,21.223019,22.030597,9418.066440261104,292.48506174999994,1.0,1.0
2026-10-07 04:00:00+00:00,13.75,96.48283,0.0,1012.8727,100.0,21.352869,208.46008,26.28,Aalborg,4,2,10,21.118055,21.207504,21.343498,31.126577,21.226142666666664,21.60562383333333,9735.734166486975,293.60194874999996,1.0,1.0
2026-10-07 05:00:00+00:00,13.8,96.17003,0.0,1012.5733,100.0,21.447796,203.6294,25.56,Aalborg,5,2,10,21.352869,21.118055,21.207504,29.717693,21.30624,21.38981533333333,9866.156739846883,295.9795848,1.0,1.0
2026-10-07 06:00:00+00:00,13.9,95.54781,0.0,1012.1742,100.0,21.470747,198.5831,25.56,Aalborg,6,2,10,21.447796,21.352869,21.118055,29.188902,21.423804,21.3234115,9897.863572318676,298.4433833,1.0,1.0
2026-10-07 07:00:00+00:00,14.2,93.402794,0.0,1011.8759,98.0,21.277054,193.34874,26.28,Aalborg,7,2,10,21.470747,21.447796,21.352869,29.617056,21.398532333333332,21.312337499999998,9632.39952025723,302.1341668,1.0,1.0
2026-10-07 08:00:00+00:00,14.65,90.4302,0.0,1011.4786,95.0,20.717815,187.78693,27.359999,Aalborg,8,2,10,21.277054,21.470747,21.447796,30.599998,21.155205333333335,21.230722666666665,8892.663362643396,303.51598975,1.0,1.0
2026-10-07 09:00:00+00:00,15.2,87.000114,0.0,1011.1815,92.0,20.363422,181.97488,28.8,Aalborg,9,2,10,20.717815,21.277054,21.470747,31.5338,20.786097,21.1049505,8444.078932165603,309.5240144,1.0,1.0
2026-10-07 10:00:00+00:00,15.7,83.98081,0.0,1010.8842,89.0,20.224644,176.02069,30.239998,Aalborg,10,2,10,20.363422,20.717815,21.277054,32.415577,20.435293666666666,20.916913,8272.612032247163,317.5269108,1.0,1.0
2026-10-07 11:00:00+00:00,16.15,81.33506,0.0,1010.4869,85.0,20.27632,170.53775,31.68,Aalborg,11,2,10,20.224644,20.363422,20.717815,33.28047,20.288128666666665,20.721667,8336.186262333778,327.4625679999999,1.0,1.0
2026-10-07 12:00:00+00:00,16.4,80.050026,0.0,1009.98846,81.0,20.765303,166.31596,32.399998,Aalborg,12,2,10,20.27632,20.224644,20.363422,33.88765,20.422089,20.604093000000002,8953.953150213794,340.55096919999994,1.0,1.0
2026-10-07 13:00:00+00:00,16.45,79.795746,0.0,1009.4894,77.0,21.476479,162.89719,32.399998,Aalborg,13,2,10,20.765303,20.27632,20.224644,33.726048,20.839367333333332,20.6373305,9905.792924052248,353.28807955,1.0,1.0
2026-10-07 14:00:00+00:00,16.35,80.56803,0.0,1008.8896,73.0,22.305355,160.70985,32.039997,Aalborg,14,2,10,21.476479,20.765303,20.27632,33.134018,21.515712333333337,20.9019205,11097.55788242963,364.69255425,1.0,1.0
2026-10-07 15:00:00+00:00,16.2,81.87462,0.0,1008.1899,69.0,23.32791,158.83867,31.319998,Aalborg,15,2,10,22.305355,21.476479,20.765303,32.248024,22.36991466666667,21.396001833333333,12694.84765131119,377.91214199999996,1.0,1.0
2026-10-07 16:00:00+00:00,15.95,83.46295,0.0,1007.4898,64.0,24.07656,157.73337,30.599998,Aalborg,16,2,10,23.32791,22.305355,21.476479,31.168085,23.236608333333333,22.037987833333332,13956.718151970557,384.02113199999997,1.0,0.0
2026-10-07 17:00:00+00:00,15.7,85.08463,0.0,1006.8894,59.0,25.064335,156.48543,29.88,Aalborg,17,2,10,24.07656,23.32791,22.305355,30.0903,24.156268333333333,22.83599033333333,15745.938815698939,393.51005949999995,0.0,0.0
2026-10-07 18:00:00+00:00,15.5,86.46284,0.0,1006.18933,55.0,25.758392,155.87901,29.519999,Aalborg,18,2,10,25.064335,24.07656,23.32791,29.341406,24.966429,23.668171833333332,17090.558077473557,399.25507600000003,0.0,0.0
2026-10-07 19:00:00+00:00,15.3,87.86501,0.1,1005.5892,50.0,26.295893,155.14479,29.519999,Aalborg,19,2,10,25.758392,25.064335,24.07656,27.179995,25.706206666666663,24.471407499999998,18182.92601828245,402.3271629,0.0,0.0
2026-10-07 20:00:00+00:00,15.0,89.57524,0.1,1004.9886,43.0,26.762308,154.77892,29.88,Aalborg,20,2,10,26.295893,25.758392,25.064335,26.29765,26.272197666666667,25.214233000000004,19167.73046343534,401.43462,0.0,0.0
2026-10-07 21:00:00+00:00,14.75,91.32611,0.1,1004.38824,36.0,27.229778,154.4256,30.239998,Aalborg,21,2,10,26.762308,26.295893,25.758392,24.962816,26.762659666666668,25.86454433333333,20189.8132500746,401.6392255,0.0,
